kind,agency,phone,email,website,street,city,state,zip,tz_offset,trucking_signal,source
broker,Concord Commercial Trucking Insurance,(281) 249-5089,info@concordcommercialti.com,https://concordcommercialti.com,,,,,-6,specialist,websearch-seed
broker,Goldriverinsurance,(212) 493-3322,support@goldriverinsurance.com,https://goldriverinsurance.com,,,,,-6,specialist,websearch-seed
broker,Commercial Auto and Truck Insurance,(855) 569-7827,info@starrrg.com,https://starrrg.com,,,,,-6,specialist,websearch-seed
broker,Personal & Commercial Insurance,(704) 921-2118,chris@helmsins.com,https://curtishelmsinsurance.com,,,,,-6,specialist,websearch-seed
broker,World Insurance Associates LLC,(469) 257-8233,accessibility@worldinsurance.com,https://worldinsurance.com,,,,,-6,specialist,websearch-seed
broker,BEST Sioux Falls Insurance,(605) 705-6501,aaron@aaronsmithfinancial.group,https://aaronsmithinsurance.com,,Sioux Falls,,,-6,specialist,ustruckingdirectory
broker,Associated Insurance Agency,(907) 349-2229,info@associatedinsurancealaska.com,https://associatedinsurancealaska.com,,,,,-6,specialist,ustruckingdirectory
broker,Big Rig Insurance Services,(333) 333-3333,quotes@bigrigtruckinsurance.com,https://bigrigtruckinsurance.com,,,,,-6,specialist,ustruckingdirectory
broker,Bison Insurance,(406) 442-1414,office@bisoninsurance.net,https://bisoninsurance.net,,Avenue Helena,,,-6,specialist,ustruckingdirectory
broker,Cavalieri Insurance Agency,(802) 773-9999,cia@ciavt.com,https://ciavt.com,,Rutland,,,-6,specialist,ustruckingdirectory
broker,Insurance Agency,(888) 453-3334,simon@coastaltruckinginsurance.com,https://coastaltruckinginsurance.com,,,,,-6,specialist,ustruckingdirectory
broker,Independent Insurance Agency in North Dakota,(877) 866-5016,dan.dakins@midstate.net,https://dakotainsurancend.com,,Beach,,,-6,specialist,ustruckingdirectory
broker,Dewar Insurance Anchorage AK,(907) 258-8888,info@dewaragency.com,https://dewarinsuranceagency.com,,Anchorage,,,-6,specialist,ustruckingdirectory
broker,Insurance Agency Minot ND Donovan Insurance Agency LLP,(701) 838-0614,donovan@srt.com,https://donovaninsuranceagency.com,,Minot,,,-6,specialist,ustruckingdirectory
broker,Falcon Insurance,(224) 733-1593,info@falconinsurance.net,https://falconinsurance.net,,,,,-6,specialist,ustruckingdirectory
broker,First Insurance Company of Hawaii,(808) 527-7777,jmalins@mvnp.com,https://ficoh.com,,,,,-6,specialist,ustruckingdirectory
broker,F.A. Peabody Insurance,(877) 960-1457,info@fapeabody.com,https://fapeabody.com,,,,,-6,specialist,ustruckingdirectory
broker,Far North Insurance,(701) 237-6651,info@farnorthinsurance.com,https://farnorthinsurance.com,,Fargo,,,-6,specialist,ustruckingdirectory
broker,"Insurance Agency in Bismarck, ND",(701) 223-5812,insurance.services@gateway-insurance.com,https://gateway-insurance.com,,,,,-6,specialist,ustruckingdirectory
broker,Granite State Insurance &amp; Risk Management,(603) 580-4706,michael@granitestateinsurance.com,https://granitestateinsurance.com,,Hampstead,,,-6,specialist,ustruckingdirectory
broker,Hawaii Car Insurance,(763) 590-3639,info@dtric.com,https://dtric.com,,,,,-6,specialist,ustruckingdirectory
broker,Grand Slam Insurance Agency Inc.,(701) 356-3265,brad@grandslamagency.com,https://grandslamagency.com,,Ave SFargo,,,-6,specialist,ustruckingdirectory
broker,Insurance of State 48,(623) 745-3672,adrian@insuranceofstate48.us,https://insuranceofstate48.us,,,,,-6,specialist,ustruckingdirectory
broker,"Insurance Agency Hawaii, LLC",(808) 524-6626,iah@insuranceagencyhawaii.com,https://insuranceagencyhawaii.com,,Honolulu,,,-6,specialist,ustruckingdirectory
broker,J.C. Morris Insurance Agency,(907) 272-2524,jcmorrisinsurance@yahoo.com,https://jcmorrisinsurance.com,,Anchorage,,,-6,specialist,ustruckingdirectory
broker,"Vermont Home, Auto, Business, Farm and Maple Insurance",(802) 524-2202,info@kinneyins.com,https://kinneyins.com,,Albans,,,-6,specialist,ustruckingdirectory
broker,JM Insurance Group,(406) 534-8008,maddison@jminsgroup.com,https://jminsgroup.com,,Billings,,,-6,specialist,ustruckingdirectory
broker,Insurance Quotes,(207) 735-7236,info@mainetrustinsurance.com,https://mainetrustinsurance.com,,Bangor,,,-6,specialist,ustruckingdirectory
broker,"Manger Insurance, Inc.",(701) 572-3786,rosborn@mangerins.com,https://mangerins.com,,Williston,,,-6,specialist,ustruckingdirectory
broker,The Insurance Exchange LLC &#8211; We know Montana,(999) 999-9999,info@montana.insure,https://montana.insure,,,,,-6,specialist,ustruckingdirectory
broker,Stockman Insurance,(877) 300-9369,contact@stockmanbank.com,https://mtcentralins.com,,,,,-6,specialist,ustruckingdirectory
broker,Metro Auto,(803) 776-4577,metroauto@replacemystuff.com,https://metro-auto-insurance.com,,,,,-6,specialist,ustruckingdirectory
broker,Old Port Insurance,(207) 730-1099,impallari@gmail.com,https://oldportins.com,,,,,-6,specialist,ustruckingdirectory
broker,"Portland, ME Insurance Agents",(207) 799-5541,info@nha-ins.com,https://noyeshallallen.com,,South Portland,,,-6,specialist,ustruckingdirectory
broker,RI Insurance Agency,(401) 847-5200,opiinfo@hilbgroup.com,https://opi.hilbgroupne.com,,Barrington,,,-6,specialist,ustruckingdirectory
broker,Purple Cow Insurance,(406) 628-6649,purplecowinsurance@gmail.com,https://purplecowinsurance.com,,Laurel,,,-6,specialist,ustruckingdirectory
broker,RIG Insurance Services,(802) 861-4477,contact@rigprotect.com,https://rigprotect.com,,Colchester,,,-6,specialist,ustruckingdirectory
broker,Top Insurance Agents,(401) 737-8176,info@riiainsurance.com,https://riiainsurance.com,,Cranston,,,-6,specialist,ustruckingdirectory
broker,Independent Insurance Agency in Rhode Island,(401) 381-1350,chris@brookinsure.com,https://ri-insurance.com,,Elmwood AveWarwick,,,-6,specialist,ustruckingdirectory
broker,Safeguard Insurance,(603) 746-1700,david@safeguardnh.com,https://safeguardinsurance.net,,"Ave
Hopkinton",,,-6,specialist,ustruckingdirectory
